#CustomerId,max_score,min_score
15628319,850.000000,350.000000
